<?xml version="1.0" encoding="utf-8"?>
<extension type="component" version="3.0" method="upgrade">
    <name>com_digiwallet_donation</name>
    <creationDate>2020-05-05</creationDate>
    <copyright>Copyright (C) 2020 e-plugins.nl. All rights reserved.</copyright>
    <license>GNU General Public License version 2 or later; see LICENSE.txt</license>
    <author>DigiWallet.nl</author>
    <authorEmail>techsupport@targetmedia.nl</authorEmail>
    <authorUrl>https://www.digiwallet.nl</authorUrl>
    <version>1.0.4</version>
    <description>Simple donation extension using Digiwallet</description>
    
    <!-- Runs on install -->
    <install>
        <sql>
            <file driver="mysql" charset="utf8">sql/install.mysql.utf8.sql</file>
        </sql>
    </install>
    
    <!-- Runs on install -->
	<update> 
	    <schemas> 
	        <schemapath type="mysql">sql/updates/mysql</schemapath> 
	    </schemas> 
	</update>
    
    <!-- Runs on uninstall -->
    <uninstall>
        <sql>
            <file driver="mysql" charset="utf8">sql/uninstall.mysql.utf8.sql</file>
        </sql>
    </uninstall>

    <files folder="site">
        <filename>index.html</filename>
        <filename>digiwallet_donation.php</filename>
        <filename>controller.php</filename>
        <filename>router.php</filename>
        <folder>assets</folder>
        <folder>views</folder>
        <folder>models</folder>
        <folder>controllers</folder>
        <folder>helpers</folder>
        <folder>vendor</folder>
	<folder>digiwallet</folder>
    </files>
    <languages folder="site">
        <language tag="nl-NL">language/nl-NL/nl-NL.com_digiwallet_donation.ini</language>
		<language tag="en-GB">language/en-GB/en-GB.com_digiwallet_donation.ini</language>
    </languages>
    <administration>
        <menu img="components/com_digiwallet_donation/assets/images/main-16x16-digiwallet_donation.png">COM_DIGIWALLET_DONATION</menu>
        <submenu>
            <menu link="option=com_digiwallet_donation&amp;view=digiwallet_donation_buttons" view="digiwallet_donation_buttons" img="components/com_digiwallet_donation/assets/images/view-16x16-digiwallet_donation_buttons.png" alt="Digiwallet_donation/Digiwallet_donation_buttons">COM_DIGIWALLET_DONATION_TITLE_DIGIWALLET_DONATION_BUTTONS</menu>
        <menu link="option=com_digiwallet_donation&amp;view=digiwallet_donation_configuration" view="digiwallet_donation_configuration" img="components/com_digiwallet_donation/assets/images/view-16x16-digiwallet_donation_buttons.png" alt="Digiwallet_donation/Digiwallet_donation_configuration">COM_DIGIWALLET_DONATION_TITLE_DIGIWALLET_DONATION_CONFIGURATION</menu>
        </submenu>
        <files folder="administrator">
            <filename>access.xml</filename>
            <filename>config.xml</filename>
            <filename>controller.php</filename>
            <filename>index.html</filename>
            <filename>digiwallet_donation.php</filename>
            <folder>assets</folder>
            <folder>controllers</folder>
            <folder>helpers</folder>
            <folder>models</folder>
            <folder>sql</folder>
            <folder>tables</folder>
            <folder>views</folder>
        </files>
        <languages folder="administrator">
            <language tag="nl-NL">language/nl-NL/nl-NL.com_digiwallet_donation.ini</language>
			<language tag="nl-NL">language/nl-NL/nl-NL.com_digiwallet_donation.sys.ini</language>
			<language tag="en-GB">language/en-GB/en-GB.com_digiwallet_donation.ini</language>
			<language tag="en-GB">language/en-GB/en-GB.com_digiwallet_donation.sys.ini</language>
        </languages>
    </administration>
    <!-- Generated with the ComponentGenerator.com -->
</extension>
